aggregation,condition,train_seed,cells,selected_initial_makespan_mean,selected_final_makespan_mean,selected_makespan_delta,selected_initial_stability_cost_mean,selected_final_stability_cost_mean,selected_stability_cost_delta,selected_initial_budget_met_rate,selected_final_budget_met_rate,selected_budget_met_rate_delta
condition_train_seed,mild,20260805,3,122.0267674446106,121.2740564664205,-0.7527109781900995,1.5300640461345514,1.4950790320833525,-0.03498501405119899,0.8541666666666666,0.9125,0.05833333333333333
condition_train_seed,mild,20260807,3,122.0267674446106,119.63780387242635,-2.388963572184243,1.5300640461345514,1.4327474705874919,-0.09731657554705937,0.8541666666666666,0.9541666666666666,0.09999999999999999
condition_train_seed,mild,20260808,3,122.0267674446106,120.31723184585572,-1.7095355987548828,1.5300640461345514,1.4390666288634142,-0.09099741727113726,0.8541666666666666,0.9458333333333333,0.09166666666666667
condition_all_train_seeds,mild,all,9,122.02676744461058,120.40969739490086,-1.6170700497097417,1.5300640461345514,1.4556310438447528,-0.07443300228979854,0.8541666666666666,0.9375,0.08333333333333333
condition_train_seed,nominal,20260805,3,117.07502015431722,116.0036468823751,-1.0713732719421405,1.633967084934314,1.5429517107705275,-0.09101537416378654,0.7083333333333334,0.85,0.14166666666666666
condition_train_seed,nominal,20260807,3,117.07502015431722,114.43954076766967,-2.6354793866475412,1.633967084934314,1.4783336013555528,-0.1556334835787613,0.7083333333333334,0.9375,0.22916666666666666
condition_train_seed,nominal,20260808,3,117.07502015431722,114.65555629730225,-2.41946385701497,1.633967084934314,1.506733765701453,-0.1272333192328612,0.7083333333333334,0.9208333333333334,0.2125
condition_all_train_seeds,nominal,all,9,117.07502015431722,115.03291464911565,-2.0421055052015507,1.633967084934314,1.5093396926091778,-0.12462739232513635,0.7083333333333334,0.9027777777777778,0.19444444444444445
condition_train_seed,severe,20260805,3,116.57578611373901,115.22186257044474,-1.3539235432942718,1.7761459921797116,1.6133230639000733,-0.1628229282796383,0.49583333333333335,0.7625000000000001,0.26666666666666666
condition_train_seed,severe,20260807,3,116.57578611373901,113.3854787826538,-3.190307331085213,1.7761459921797116,1.5600232114394508,-0.21612278074026112,0.49583333333333335,0.8333333333333334,0.33749999999999997
condition_train_seed,severe,20260808,3,116.57578611373901,113.45041093826292,-3.125375175476085,1.7761459921797116,1.5895769787331424,-0.1865690134465694,0.49583333333333335,0.7875,0.2916666666666667
condition_all_train_seeds,severe,all,9,116.57578611373901,114.01925076378717,-2.556535349951856,1.7761459921797116,1.5876410846908888,-0.18850490748882293,0.49583333333333335,0.7944444444444445,0.2986111111111111
condition_train_seed,multi_failure_mtbf5,20260805,3,119.8544253985087,118.65842043558757,-1.1960049629211416,1.7316786363720895,1.609400497873624,-0.12227813849846525,0.5458333333333333,0.7625000000000001,0.21666666666666667
condition_train_seed,multi_failure_mtbf5,20260807,3,119.8544253985087,117.20480782190958,-2.649617576599122,1.7316786363720895,1.5467524873713652,-0.18492614900072413,0.5458333333333333,0.8583333333333334,0.3125
condition_train_seed,multi_failure_mtbf5,20260808,3,119.8544253985087,118.04810520807901,-1.8063201904296922,1.7316786363720895,1.577826449275017,-0.1538521870970726,0.5458333333333333,0.8208333333333333,0.27499999999999997
condition_all_train_seeds,multi_failure_mtbf5,all,9,119.85442539850871,117.9704444885254,-1.8839809099833187,1.7316786363720893,1.577993144840002,-0.15368549153208733,0.5458333333333333,0.8138888888888889,0.26805555555555555
