baseline,metric,paired_unit,n,baseline_mean,main_mean,main_minus_baseline_mean,difference_sd,ci95_low,ci95_high,wilcoxon_p,holm_adjusted_p,paired_dz,main_wins,ties,main_losses
Initial_Best_of_20,Makespan,instance_x_evaluation_seed_after_averaging_training_seeds,240,117.07502015431722,115.03291464911567,-2.0421055052015515,5.042252725575584,-2.6832735306479756,-1.4009374797551275,1.9787634987944416e-08,7.915053995177766e-08,-0.40499864174666905,153,2,85
Initial_Best_of_20,Stability cost,instance_x_evaluation_seed_after_averaging_training_seeds,240,1.6339670849343142,1.5093396926091778,-0.12462739232513641,0.23058868527981857,-0.15394882861119072,-0.0953059560390821,6.46993662037331e-15,5.175949296298648e-14,-0.5404748813841472,176,0,64
Initial_Best_of_20,Budget met rate,instance_x_evaluation_seed_after_averaging_training_seeds,240,0.7083333333333334,0.9027777777777778,0.19444444444444445,0.4104251253414501,0.14225517874698987,0.24663371014189903,1.9037978664374826e-10,1.1422787198624895e-09,0.4737635014003537,64,162,14
Static_DRL_greedy,Makespan,instance_x_evaluation_seed_after_averaging_training_seeds,240,122.83232401741876,115.03291464911567,-7.799409368303087,5.272485601036325,-8.469853585599884,-7.12896515100629,3.535764052714961e-39,4.950069673800945e-38,-1.4792661295784453,228,0,12
Static_DRL_greedy,Stability cost,instance_x_evaluation_seed_after_averaging_training_seeds,240,2.4078565960129104,1.5093396926091778,-0.8985169034037326,0.5004329788483359,-0.9621514815138238,-0.8348823252936414,4.494921778757394e-41,8.989843557514789e-40,-1.7954789979499777,237,0,3
Static_DRL_greedy,Budget met rate,instance_x_evaluation_seed_after_averaging_training_seeds,240,0.18333333333333332,0.9027777777777778,0.7194444444444446,0.2777870756230977,0.6841213060645716,0.7547675828243176,2.780021475399697e-40,4.170032213099546e-39,2.5899133097919536,228,12,0
FIFO,Makespan,instance_x_evaluation_seed_after_averaging_training_seeds,240,134.94998973210653,115.03291464911567,-19.917075082990856,11.87585489959368,-21.427197413400528,-18.406952752581184,7.323873396288379e-41,1.3182972113319081e-39,-1.6771066379122144,234,0,6
FIFO,Stability cost,instance_x_evaluation_seed_after_averaging_training_seeds,240,3.7442663654685022,1.5093396926091778,-2.2349266728593244,0.8785002799173418,-2.346635926735415,-2.123217418983234,4.015256434384509e-41,8.432038512207469e-40,-2.5440249979995557,240,0,0
FIFO,Budget met rate,instance_x_evaluation_seed_after_averaging_training_seeds,240,0.016666666666666666,0.9027777777777778,0.8861111111111111,0.25510440641920024,0.8536722792142412,0.918549943007981,1.469546949546153e-45,3.526912678910767e-44,3.4735233450064724,229,11,0
SPT,Makespan,instance_x_evaluation_seed_after_averaging_training_seeds,240,131.40478172302247,115.03291464911567,-16.37186707390679,12.334059732549976,-17.940254291855013,-14.803479855958573,1.0390037166019172e-40,1.6803041515104222e-39,-1.3273705032172751,232,0,8
SPT,Stability cost,instance_x_evaluation_seed_after_averaging_training_seeds,240,2.980227373043696,1.5093396926091778,-1.4708876804345183,0.777338289430442,-1.5697332725267164,-1.3720420883423203,4.494921778757394e-41,8.989843557514789e-40,-1.8922105091622876,238,0,2
SPT,Budget met rate,instance_x_evaluation_seed_after_averaging_training_seeds,240,0.041666666666666664,0.9027777777777778,0.861111111111111,0.28954615357549507,0.8242926996455463,0.8979295225766758,2.6748020839067144e-44,6.1520447929854434e-43,2.9740029369327763,223,17,0
MWKR,Makespan,instance_x_evaluation_seed_after_averaging_training_seeds,240,118.24881118138632,115.03291464911567,-3.215896532270643,6.168037439413361,-4.000218263279642,-2.4315748012616445,1.648162925571918e-13,1.1537140479003426e-12,-0.5213808385340322,168,0,72
MWKR,Stability cost,instance_x_evaluation_seed_after_averaging_training_seeds,240,2.8265885397791863,1.5093396926091778,-1.3172488471700086,0.8615020872808591,-1.4267966271569363,-1.2077010671830808,9.884142067708367e-41,1.6803041515104222e-39,-1.5290141099107646,234,0,6
MWKR,Budget met rate,instance_x_evaluation_seed_after_averaging_training_seeds,240,0.05416666666666667,0.9027777777777778,0.8486111111111111,0.30454165920482684,0.8098858855173767,0.8873363367048455,1.1392544341981534e-43,2.5063597552359375e-42,2.786518971909709,220,20,0
MOR,Makespan,instance_x_evaluation_seed_after_averaging_training_seeds,240,117.84220202763875,115.03291464911567,-2.8092873785230847,6.122337134680329,-3.5877979025691014,-2.030776854477068,2.3404638855681124e-10,1.1702319427840562e-09,-0.45885865425634853,161,0,79
MOR,Stability cost,instance_x_evaluation_seed_after_averaging_training_seeds,240,2.1629629164934157,1.5093396926091778,-0.6536232238842382,0.5445313665645174,-0.7228653107242944,-0.584381137044182,1.8855191843009868e-38,2.4511749395912828e-37,-1.2003408141719882,230,0,10
MOR,Budget met rate,instance_x_evaluation_seed_after_averaging_training_seeds,240,0.1875,0.9027777777777778,0.7152777777777778,0.4169222832844099,0.6622623397014238,0.7682932158541318,3.211186323304692e-37,3.853423587965631e-36,1.715614171885939,188,50,2
Reward_only_Best_of_20,Makespan,instance_x_evaluation_seed_after_averaging_training_seeds,240,117.91911951700847,115.03291464911567,-2.886204867892795,4.24296357805436,-3.4257360511639914,-2.346673684621599,2.715645579339413e-22,2.715645579339413e-21,-0.6802332414119576,190,1,49
Reward_only_Best_of_20,Stability cost,instance_x_evaluation_seed_after_averaging_training_seeds,240,1.6865917711622187,1.5093396926091778,-0.17725207855304081,0.21429786799035705,-0.20450199012130144,-0.1500021669847802,1.6340392836951258e-26,1.7974432120646385e-25,-0.8271294540411237,195,0,45
Reward_only_Best_of_20,Budget met rate,instance_x_evaluation_seed_after_averaging_training_seeds,240,0.6263888888888889,0.9027777777777778,0.2763888888888889,0.3490012537181696,0.23201022385494585,0.32076755392283196,7.158475789761751e-22,6.442628210785576e-21,0.7919423954622306,124,108,8
Zero_context_Best_of_20,Makespan,instance_x_evaluation_seed_after_averaging_training_seeds,240,115.24197849697538,115.03291464911567,-0.2090638478597004,2.9306867536595873,-0.5817271674737345,0.1635994717543337,0.22900179662534126,0.4580035932506825,-0.0713361288437393,132,3,105
Zero_context_Best_of_20,Stability cost,instance_x_evaluation_seed_after_averaging_training_seeds,240,1.524196839498149,1.5093396926091778,-0.014857146888971336,0.14212186426713744,-0.032929226977841376,0.003214933199898705,0.049807808421345356,0.14942342526403607,-0.10453808050987357,138,0,102
Zero_context_Best_of_20,Budget met rate,instance_x_evaluation_seed_after_averaging_training_seeds,240,0.9,0.9027777777777778,0.002777777777777777,0.1751446680154213,-0.01949345039555782,0.025049005951113378,0.9587011169878015,0.9587011169878015,0.015859904896066812,22,195,23
