package_path,bytes,sha256
checkpoints/base/reference_save_10_5.pt,849961,594f93a9f9838f89bf508297b3019ebaae8a0482a6f3abf91a3be7412198f0ce
checkpoints/main/main_seed_20260805.pt,852161,d922a06584e18a7007f1b3f3192da26d35279de54e16d59120af1dd016eca05d
checkpoints/main/main_seed_20260805_conditioned_initial.pt,852913,ed5a75848aa1687813f8dbecde8385a90a2aa819ba8194269abdeb57d4f88790
checkpoints/main/main_seed_20260807.pt,852161,db090c645125af4748c9ed10f03776a974d78ee0ad68b281f63a9b19ee112459
checkpoints/main/main_seed_20260807_conditioned_initial.pt,852913,ed5a75848aa1687813f8dbecde8385a90a2aa819ba8194269abdeb57d4f88790
checkpoints/main/main_seed_20260808.pt,852161,1da29f589e90c349208c0bdc0b13bc713114698abf5b85bd53ba21bb76e72932
checkpoints/main/main_seed_20260808_conditioned_initial.pt,852913,ed5a75848aa1687813f8dbecde8385a90a2aa819ba8194269abdeb57d4f88790
checkpoints/makespan_only/makespan_only_seed_20260805.pt,852161,a4b878fc7c0ca2fe51b679bbd71d3b334898e7223903eec411111a8934f07dba
checkpoints/makespan_only/makespan_only_seed_20260807.pt,852161,c1c4a2212af5960b18ac58c18d2b40c4c894fd297f8e7d434ab06a665195f407
checkpoints/makespan_only/makespan_only_seed_20260808.pt,852161,8d62186abc730429d15631b3cf2d5b6e6e7673df7d7d162c25d5435609d19af0
checkpoints/reward_only/reward_only_seed_20260805.pt,852161,1fcdb433b541493f8b06f326e0b821cd5e661c1b584b700099766bd92d41bf14
checkpoints/reward_only/reward_only_seed_20260807.pt,852161,0e5cc07fe2a6e824dd606279af6c55c4657f9b52ea047cc98ed5c14a52f59d00
checkpoints/reward_only/reward_only_seed_20260808.pt,852161,5d1738a79d532941da0c6c7c4fd4f41470ba44c576dd9564e44ec0d7b55b4f01
checkpoints/static_drl/static_drl_seed_20260805.pt,851227,bd28b65a515d06bba81830f50cdee8a97dbdcb673a12c498b2c9caa263f53dc1
checkpoints/static_drl/static_drl_seed_20260807.pt,851227,7aa250d674a6c1f6ee28758bfd5c8bc8595b18dff165d8b33a5c43e6858be4ba
checkpoints/static_drl/static_drl_seed_20260808.pt,851227,86dd9a52bc97c2adacba2894950193f556e3736574f485151b184d3d33b289b4
checkpoints/zero_context/zero_context_seed_20260805.pt,852161,064e38e080c6e7b380457aeff79ec7506625daab83d6aa835c95ab20fa38f417
checkpoints/zero_context/zero_context_seed_20260807.pt,852161,6089b902b58ffa8703a1ad64deae0fcaf7e883da701094f181baa891f4920906
checkpoints/zero_context/zero_context_seed_20260808.pt,852161,6f29337ba67a70fc8ef59428e1b5f5306b28ef9d348b42bdc936e64227a8503f
